bag_id,mae,true_prev_class_0,true_prev_class_1,true_prev_class_2,pred_prev_class_0,pred_prev_class_1,pred_prev_class_2
0,0.098159395,0.27,0.53,0.2,0.41723913,0.45085767,0.13190326
1,0.34193376,0.27,0.53,0.2,0.4442454,0.017099349,0.5386552
2,0.1406728,0.27,0.53,0.2,0.41310444,0.31899077,0.26790476
3,0.26723406,0.27,0.53,0.2,0.54179513,0.12914883,0.32905594
4,0.064490475,0.27,0.53,0.2,0.35525307,0.43326426,0.21148266
5,0.114908196,0.27,0.53,0.2,0.4313156,0.35763764,0.2110467
6,0.043772206,0.27,0.53,0.2,0.33508247,0.46434167,0.20057586
7,0.08021339,0.27,0.53,0.2,0.3903201,0.44534782,0.16433208
8,0.27034685,0.27,0.53,0.2,0.47253692,0.12447965,0.4029833
9,0.093053885,0.27,0.53,0.2,0.39322844,0.39041913,0.21635239
10,0.119742066,0.27,0.53,0.2,0.4496131,0.40876403,0.14162283
11,0.08702469,0.27,0.53,0.2,0.37430114,0.39946297,0.22623594
12,0.10559571,0.27,0.53,0.2,0.42839354,0.4204839,0.15112251
13,0.06920102,0.27,0.53,0.2,0.3738016,0.4306317,0.19556679
14,0.0964877,0.27,0.53,0.2,0.41473153,0.456189,0.1290794
15,0.07647455,0.27,0.53,0.2,0.3847119,0.44024733,0.17504089
16,0.16373499,0.27,0.53,0.2,0.51560247,0.28542465,0.19897282
17,0.16508459,0.27,0.53,0.2,0.43478042,0.28237313,0.2828465
18,0.06593475,0.27,0.53,0.2,0.35805666,0.43109784,0.21084546
19,0.1355808,0.27,0.53,0.2,0.42262965,0.32662877,0.25074157
20,0.090908386,0.27,0.53,0.2,0.39734146,0.3936374,0.20902114
21,0.08506352,0.27,0.53,0.2,0.39759532,0.45996913,0.14243561
22,0.24698691,0.27,0.53,0.2,0.64048034,0.17884472,0.1806749
23,0.28782094,0.27,0.53,0.2,0.6091569,0.098268576,0.2925745
24,0.117398,0.27,0.53,0.2,0.44609702,0.3838741,0.1700289
25,0.08156907,0.27,0.53,0.2,0.39235362,0.43720898,0.17043741
26,0.09456616,0.27,0.53,0.2,0.41184923,0.40647146,0.18167926
27,0.101074964,0.27,0.53,0.2,0.42161247,0.44301435,0.13537319
28,0.05434661,0.27,0.53,0.2,0.3350086,0.44848007,0.21651135
29,0.0828873,0.27,0.53,0.2,0.38737315,0.40566906,0.20695786
30,0.14075322,0.27,0.53,0.2,0.46711135,0.31887016,0.21401854
31,0.1869932,0.27,0.53,0.2,0.384789,0.24951014,0.36570078
32,0.15201838,0.27,0.53,0.2,0.49802762,0.3066467,0.1953257
33,0.083475865,0.27,0.53,0.2,0.3952138,0.44111747,0.16366872
34,0.21020794,0.27,0.53,0.2,0.58531195,0.25438532,0.16030276
35,0.093716346,0.27,0.53,0.2,0.39979774,0.38942546,0.21077679
36,0.05471326,0.27,0.53,0.2,0.3520699,0.47733513,0.17059498
37,0.05120511,0.27,0.53,0.2,0.33632192,0.45319232,0.21048577
38,0.05384424,0.27,0.53,0.2,0.35076636,0.46082777,0.18840584
39,0.13460541,0.27,0.53,0.2,0.47190815,0.3561027,0.17198917
40,0.12503318,0.27,0.53,0.2,0.45754978,0.380397,0.16205323
41,0.12379504,0.27,0.53,0.2,0.4556926,0.4245145,0.11979293
42,0.3009982,0.27,0.53,0.2,0.6208597,0.078502655,0.3006377
43,0.075581856,0.27,0.53,0.2,0.38337284,0.44218218,0.17444505
44,0.26533735,0.27,0.53,0.2,0.668006,0.1920335,0.13996044
45,0.090319514,0.27,0.53,0.2,0.40547925,0.4216085,0.17291217
46,0.079071,0.27,0.53,0.2,0.35509557,0.4113935,0.23351097
47,0.06363408,0.27,0.53,0.2,0.36545113,0.4474261,0.18712273
48,0.11104109,0.27,0.53,0.2,0.4365617,0.38817164,0.17526677
49,0.16609502,0.27,0.53,0.2,0.33964878,0.28085744,0.37949377
50,0.20169258,0.27,0.53,0.2,0.57253885,0.24714185,0.1803193
51,0.10440186,0.27,0.53,0.2,0.42660278,0.41122547,0.1621717
52,0.121207535,0.27,0.53,0.2,0.3979988,0.34818867,0.2538125
53,0.07643644,0.27,0.53,0.2,0.3846547,0.42287996,0.19246538
54,0.14225866,0.27,0.53,0.2,0.483388,0.3550804,0.16153158
55,0.060427755,0.27,0.53,0.2,0.34902203,0.43935838,0.21161966
56,0.10424646,0.27,0.53,0.2,0.4263697,0.44502145,0.12860882
57,0.048190083,0.27,0.53,0.2,0.34228516,0.46076664,0.19694823
58,0.13108987,0.27,0.53,0.2,0.40820023,0.33336514,0.25843456
59,0.20523642,0.27,0.53,0.2,0.39608496,0.22214535,0.3817697
60,0.08295094,0.27,0.53,0.2,0.39442644,0.44473696,0.16083662
61,0.14333494,0.27,0.53,0.2,0.4592495,0.31499758,0.22575296
62,0.09625276,0.27,0.53,0.2,0.41437915,0.42609334,0.15952748
63,0.03518663,0.27,0.53,0.2,0.32277998,0.49913302,0.17808704
64,0.09588128,0.27,0.53,0.2,0.41382197,0.43700418,0.1491739
65,0.25890896,0.27,0.53,0.2,0.40405092,0.14163652,0.4543125
66,0.22049469,0.27,0.53,0.2,0.4335474,0.19925798,0.36719465
67,0.08770162,0.27,0.53,0.2,0.37562755,0.3984476,0.22592494
68,0.23401757,0.27,0.53,0.2,0.55498475,0.17897364,0.26604164
69,0.09008328,0.27,0.53,0.2,0.388483,0.39487502,0.21664193
70,0.08596346,0.27,0.53,0.2,0.3989452,0.42725176,0.17380305
71,0.051592175,0.27,0.53,0.2,0.33169827,0.4526117,0.21569002
72,0.19910984,0.27,0.53,0.2,0.48803574,0.23133522,0.280629
73,0.123889245,0.27,0.53,0.2,0.43502337,0.3441661,0.2208105
74,0.10889541,0.27,0.53,0.2,0.38425973,0.3666569,0.24908344
75,0.076793455,0.27,0.53,0.2,0.38519022,0.4370764,0.17773344
76,0.07801947,0.27,0.53,0.2,0.3870292,0.45781863,0.15515213
77,0.11567686,0.27,0.53,0.2,0.44351533,0.3960203,0.1604644
78,0.18880983,0.27,0.53,0.2,0.5478325,0.24678524,0.20538229
79,0.10627827,0.27,0.53,0.2,0.4294174,0.4450239,0.12555866
80,0.05405898,0.27,0.53,0.2,0.3510885,0.47756746,0.17134406
81,0.21406464,0.27,0.53,0.2,0.40457794,0.20890301,0.386519
82,0.106823035,0.27,0.53,0.2,0.43023458,0.38610497,0.18366046
83,0.07335398,0.27,0.53,0.2,0.38003102,0.43988225,0.18008678
84,0.089548804,0.27,0.53,0.2,0.40432325,0.43166807,0.16400872
85,0.07212788,0.27,0.53,0.2,0.3781918,0.4760546,0.14575352
86,0.08785337,0.27,0.53,0.2,0.40178007,0.4166238,0.1815961
87,0.0982052,0.27,0.53,0.2,0.4173078,0.39011568,0.19257648
88,0.18690015,0.27,0.53,0.2,0.4555223,0.24964975,0.29482797
89,0.07648506,0.27,0.53,0.2,0.3847276,0.46144775,0.15382464
90,0.06025481,0.27,0.53,0.2,0.36038223,0.4622112,0.17740658
91,0.20995349,0.27,0.53,0.2,0.54286563,0.21506979,0.24206461
92,0.08997015,0.27,0.53,0.2,0.40495527,0.42996284,0.16508192
93,0.12577547,0.27,0.53,0.2,0.4157646,0.3413368,0.24289864
94,0.09247508,0.27,0.53,0.2,0.40871263,0.44572803,0.14555933
95,0.062773325,0.27,0.53,0.2,0.36416003,0.4579949,0.17784512
96,0.23444039,0.27,0.53,0.2,0.62166053,0.22660726,0.15173212
97,0.072094515,0.27,0.53,0.2,0.3781418,0.48237497,0.13948324
98,0.19744606,0.27,0.53,0.2,0.56616914,0.25782257,0.1760083
99,0.17767678,0.27,0.53,0.2,0.3931415,0.26348484,0.34337372
100,0.15195256,0.27,0.53,0.2,0.3375707,0.30207115,0.36035818
101,0.20472884,0.27,0.53,0.2,0.5365717,0.22290674,0.2405216
102,0.07436799,0.27,0.53,0.2,0.38155204,0.44895783,0.16949019
103,0.14465578,0.27,0.53,0.2,0.48698372,0.3136854,0.19933093
104,0.17852668,0.27,0.53,0.2,0.53779,0.31046104,0.15174887
105,0.07091086,0.27,0.53,0.2,0.3763663,0.4443152,0.17931847
106,0.16747183,0.27,0.53,0.2,0.34510708,0.27879223,0.3761007
107,0.107860595,0.27,0.53,0.2,0.40773875,0.3682091,0.22405218
108,0.17013311,0.27,0.53,0.2,0.47142997,0.27480027,0.2537697
109,0.06632922,0.27,0.53,0.2,0.36949387,0.45171705,0.17878912
110,0.12663935,0.27,0.53,0.2,0.43951666,0.34004098,0.2204424
111,0.23103899,0.27,0.53,0.2,0.522727,0.18344145,0.2938315
112,0.20627384,0.27,0.53,0.2,0.51053554,0.22058924,0.2688752
113,0.044395123,0.27,0.53,0.2,0.33659267,0.4830237,0.18038356
114,0.070143506,0.27,0.53,0.2,0.3752153,0.43634796,0.18843678
115,0.05934492,0.27,0.53,0.2,0.3590174,0.47673544,0.16424716
116,0.14247577,0.27,0.53,0.2,0.4837137,0.3888509,0.12743545
117,0.04677164,0.27,0.53,0.2,0.34015745,0.4636529,0.19618958
118,0.22320028,0.27,0.53,0.2,0.5795127,0.19519955,0.22528772
119,0.06394703,0.27,0.53,0.2,0.36592057,0.44944805,0.1846314
120,0.090405285,0.27,0.53,0.2,0.40560794,0.4131245,0.18126756
121,0.20289199,0.27,0.53,0.2,0.49787015,0.22566204,0.2764679
122,0.14441542,0.27,0.53,0.2,0.46390685,0.31337684,0.22271629
123,0.2432019,0.27,0.53,0.2,0.50343025,0.16519712,0.3313726
124,0.14102829,0.27,0.53,0.2,0.47229606,0.31845754,0.20924637
125,0.07816579,0.27,0.53,0.2,0.38724872,0.47605765,0.13669367
126,0.15778033,0.27,0.53,0.2,0.50094664,0.29332948,0.20572388
127,0.09709928,0.27,0.53,0.2,0.4156489,0.38811603,0.196235
128,0.089124,0.27,0.53,0.2,0.40368605,0.44313452,0.15317947
129,0.076671965,0.27,0.53,0.2,0.38500795,0.42827278,0.18671924
130,0.10335355,0.27,0.53,0.2,0.42503035,0.39116952,0.18380015
131,0.118231855,0.27,0.53,0.2,0.43062523,0.3526522,0.21672255
132,0.048663165,0.27,0.53,0.2,0.33220652,0.45700523,0.21078825
133,0.10907527,0.27,0.53,0.2,0.4336129,0.4280627,0.13832437
134,0.061258603,0.27,0.53,0.2,0.36188796,0.43877554,0.19933657
135,0.18024546,0.27,0.53,0.2,0.5403682,0.29687437,0.16275743
136,0.07496564,0.27,0.53,0.2,0.38244846,0.47006485,0.14748666
137,0.20703335,0.27,0.53,0.2,0.46396604,0.21945001,0.31658405
138,0.10962981,0.27,0.53,0.2,0.43444473,0.39095005,0.17460522
139,0.06322607,0.27,0.53,0.2,0.3648391,0.44405478,0.1911061
140,0.082890585,0.27,0.53,0.2,0.39433593,0.44946158,0.15620255
141,0.18039246,0.27,0.53,0.2,0.54058874,0.26568934,0.19372194
142,0.086917795,0.27,0.53,0.2,0.40037668,0.43243086,0.1671924
143,0.05418931,0.27,0.53,0.2,0.351284,0.46306247,0.18565357
144,0.09710467,0.27,0.53,0.2,0.41565698,0.45747033,0.12687261
145,0.067446046,0.27,0.53,0.2,0.37116906,0.43701008,0.19182082
146,0.1633631,0.27,0.53,0.2,0.5150446,0.34181944,0.14313586
147,0.09807676,0.27,0.53,0.2,0.41711518,0.4363713,0.14651358
148,0.11664671,0.27,0.53,0.2,0.41231042,0.3550299,0.23265967
149,0.08162435,0.27,0.53,0.2,0.39243653,0.4417659,0.16579755
150,0.09654639,0.27,0.53,0.2,0.3839565,0.38518038,0.23086311
151,0.13275243,0.27,0.53,0.2,0.44789028,0.33087134,0.22123839
152,0.17212401,0.27,0.53,0.2,0.51284593,0.27181396,0.2153401
153,0.13425766,0.27,0.53,0.2,0.47138652,0.33414358,0.19446991
154,0.121452056,0.27,0.53,0.2,0.4521781,0.36438203,0.18343987
155,0.16931032,0.27,0.53,0.2,0.49521264,0.2760345,0.22875285
156,0.07105473,0.27,0.53,0.2,0.32802826,0.4234179,0.24855386
157,0.050701525,0.27,0.53,0.2,0.3460523,0.4708392,0.18310848
158,0.13576482,0.27,0.53,0.2,0.47364724,0.34457034,0.1817824
159,0.17043318,0.27,0.53,0.2,0.5256498,0.32080942,0.15354076
160,0.17798102,0.27,0.53,0.2,0.5369715,0.27101356,0.19201489
161,0.17465787,0.27,0.53,0.2,0.53198683,0.3426513,0.12536189
162,0.092909046,0.27,0.53,0.2,0.4077317,0.3906364,0.20163189
163,0.07026132,0.27,0.53,0.2,0.37539202,0.4558984,0.1687096
164,0.13183248,0.27,0.53,0.2,0.41698122,0.33225125,0.2507675
165,0.08201755,0.27,0.53,0.2,0.39302635,0.45074865,0.15622503
166,0.11938015,0.27,0.53,0.2,0.44907025,0.3807073,0.17022246
167,0.10600088,0.27,0.53,0.2,0.42900136,0.44339618,0.12760249
168,0.22072057,0.27,0.53,0.2,0.47296944,0.19891912,0.32811144
169,0.0688966,0.27,0.53,0.2,0.37334493,0.44201577,0.18463932
170,0.27125707,0.27,0.53,0.2,0.4829618,0.12311442,0.39392382
171,0.07321017,0.27,0.53,0.2,0.34335902,0.4201847,0.23645623
172,0.11155546,0.27,0.53,0.2,0.403174,0.36266682,0.23415922
173,0.12500536,0.27,0.53,0.2,0.45750806,0.38838944,0.1541025
174,0.15812667,0.27,0.53,0.2,0.50719005,0.36921692,0.1235931
175,0.058242302,0.27,0.53,0.2,0.3573635,0.45631742,0.18631913
176,0.1013018,0.27,0.53,0.2,0.42195275,0.40391243,0.1741349
177,0.057409268,0.27,0.53,0.2,0.35611388,0.4625357,0.18135034
178,0.20564151,0.27,0.53,0.2,0.5784623,0.23435117,0.18718654
179,0.26118228,0.27,0.53,0.2,0.44069815,0.13822661,0.4210753
180,0.0695066,0.27,0.53,0.2,0.37425995,0.4649399,0.16080022
181,0.13764344,0.27,0.53,0.2,0.46923646,0.3235348,0.20722869
182,0.14363308,0.27,0.53,0.2,0.46860126,0.31455037,0.21684839
183,0.06984031,0.27,0.53,0.2,0.37476045,0.44977954,0.17545994
184,0.05006205,0.27,0.53,0.2,0.34509307,0.46779883,0.18710805
185,0.041882526,0.27,0.53,0.2,0.33282384,0.48114848,0.18602775
186,0.096286155,0.27,0.53,0.2,0.41442925,0.4166618,0.16890894
187,0.1465316,0.27,0.53,0.2,0.4572462,0.3102026,0.2325512
188,0.2548486,0.27,0.53,0.2,0.55019337,0.14772709,0.30207953
189,0.32398465,0.27,0.53,0.2,0.6293855,0.044023037,0.32659155
190,0.14687674,0.27,0.53,0.2,0.48378876,0.3096849,0.20652637
191,0.06941052,0.27,0.53,0.2,0.3741158,0.44928974,0.17659447
192,0.41813412,0.27,0.53,0.2,0.16345766,0.00934114,0.82720125
193,0.09352515,0.27,0.53,0.2,0.41028777,0.39242676,0.19728552
194,0.08179524,0.27,0.53,0.2,0.38899264,0.40730712,0.20370024
195,0.115437664,0.27,0.53,0.2,0.3925923,0.35684347,0.2505642
196,0.1732596,0.27,0.53,0.2,0.5298894,0.3561969,0.113913685
197,0.14219178,0.27,0.53,0.2,0.4370706,0.3167123,0.24621707
198,0.19073991,0.27,0.53,0.2,0.55610985,0.30127603,0.1426141
199,0.10565376,0.27,0.53,0.2,0.42848068,0.3943313,0.17718805
200,0.080731176,0.27,0.53,0.2,0.39109677,0.4390564,0.1698468
201,0.14050831,0.27,0.53,0.2,0.45756957,0.31923756,0.22319295
202,0.26626894,0.27,0.53,0.2,0.4855914,0.13059656,0.38381204
203,0.081269346,0.27,0.53,0.2,0.39190406,0.43777192,0.17032406
204,0.07795031,0.27,0.53,0.2,0.3869255,0.42287415,0.19020036
205,0.073511705,0.27,0.53,0.2,0.3802676,0.45848787,0.16124457
206,0.05175924,0.27,0.53,0.2,0.34763885,0.4563039,0.1960572
207,0.064655274,0.27,0.53,0.2,0.36698294,0.47742385,0.15559323
208,0.09729902,0.27,0.53,0.2,0.41594854,0.38943583,0.1946156
209,0.08171796,0.27,0.53,0.2,0.37532493,0.40742302,0.217252
210,0.08463461,0.27,0.53,0.2,0.39695188,0.45264083,0.15040718
211,0.06373932,0.27,0.53,0.2,0.365609,0.4654692,0.16892177
212,0.19150299,0.27,0.53,0.2,0.45235,0.2427455,0.30490455
213,0.11661913,0.27,0.53,0.2,0.44492868,0.43480128,0.12026998
214,0.11713233,0.27,0.53,0.2,0.41072652,0.35430148,0.234972
215,0.10553101,0.27,0.53,0.2,0.42829654,0.3937787,0.17792477
216,0.25807145,0.27,0.53,0.2,0.47608662,0.14289285,0.38102058
217,0.103672184,0.27,0.53,0.2,0.42550832,0.43419787,0.14029387
218,0.08126853,0.27,0.53,0.2,0.3919028,0.4439107,0.1641865
219,0.11876649,0.27,0.53,0.2,0.44814977,0.40581587,0.14603442
220,0.086765796,0.27,0.53,0.2,0.40014875,0.45633236,0.14351897
221,0.07579506,0.27,0.53,0.2,0.35951656,0.4163074,0.22417605
222,0.15387072,0.27,0.53,0.2,0.5008061,0.37463498,0.1245589
223,0.07462448,0.27,0.53,0.2,0.38193676,0.44290864,0.17515464
224,0.20227014,0.27,0.53,0.2,0.57006574,0.22659479,0.20333949
225,0.0814002,0.27,0.53,0.2,0.39210033,0.45557377,0.15232593
226,0.18338342,0.27,0.53,0.2,0.5450751,0.31165937,0.14326547
227,0.0797978,0.27,0.53,0.2,0.38969672,0.42732754,0.18297575
228,0.17116879,0.27,0.53,0.2,0.5267532,0.29247242,0.18077439
229,0.16642286,0.27,0.53,0.2,0.5196343,0.32821003,0.15215564
230,0.13465892,0.27,0.53,0.2,0.47198838,0.372193,0.15581857
231,0.0965723,0.27,0.53,0.2,0.4148585,0.45848873,0.1266528
232,0.123764284,0.27,0.53,0.2,0.45564646,0.40161717,0.14273639
233,0.116948426,0.27,0.53,0.2,0.38888362,0.35457733,0.25653902
234,0.086467795,0.27,0.53,0.2,0.39970168,0.45823777,0.1420605
235,0.16353624,0.27,0.53,0.2,0.4888112,0.28469563,0.22649316
236,0.13492762,0.27,0.53,0.2,0.40014178,0.3276086,0.27224967
237,0.13780315,0.27,0.53,0.2,0.47670475,0.3816571,0.14163813
238,0.14931348,0.27,0.53,0.2,0.49397022,0.3423619,0.16366784
239,0.08587965,0.27,0.53,0.2,0.3988195,0.43941954,0.16176097
240,0.049120888,0.27,0.53,0.2,0.338047,0.45631865,0.20563436
241,0.1796046,0.27,0.53,0.2,0.5312509,0.26059303,0.20815602
242,0.10626194,0.27,0.53,0.2,0.40797138,0.37060708,0.22142155
243,0.07430741,0.27,0.53,0.2,0.3814611,0.46151766,0.15702118
244,0.09471629,0.27,0.53,0.2,0.41207445,0.42363518,0.16429037
245,0.1342284,0.27,0.53,0.2,0.43458733,0.32865736,0.23675527
246,0.08678392,0.27,0.53,0.2,0.377996,0.3998241,0.22217992
247,0.11184847,0.27,0.53,0.2,0.43777272,0.42409417,0.1381331
248,0.07497124,0.27,0.53,0.2,0.3824569,0.43973637,0.1778068
249,0.05444544,0.27,0.53,0.2,0.35166815,0.48826525,0.16006655
250,0.08974742,0.27,0.53,0.2,0.40462115,0.44035932,0.15501954
251,0.09214189,0.27,0.53,0.2,0.4082128,0.42330047,0.16848665
252,0.22974981,0.27,0.53,0.2,0.52201074,0.18537524,0.29261398
253,0.0858565,0.27,0.53,0.2,0.39878476,0.41966948,0.18154576
254,0.14330886,0.27,0.53,0.2,0.44758445,0.31503668,0.23737888
255,0.14334376,0.27,0.53,0.2,0.48501566,0.3195343,0.19545004
256,0.18944313,0.27,0.53,0.2,0.5541647,0.29126975,0.15456551
257,0.109660864,0.27,0.53,0.2,0.4344913,0.3992938,0.16621488
258,0.06989565,0.27,0.53,0.2,0.37484348,0.45023802,0.17491849
259,0.12334917,0.27,0.53,0.2,0.39059806,0.34497622,0.26442572
260,0.07300182,0.27,0.53,0.2,0.37950274,0.44311196,0.1773853
261,0.14681596,0.27,0.53,0.2,0.49022394,0.3130106,0.19676544
262,0.08438673,0.27,0.53,0.2,0.39658007,0.42859763,0.17482221
263,0.108370215,0.27,0.53,0.2,0.43255535,0.42430592,0.14313875
264,0.09301764,0.27,0.53,0.2,0.4095265,0.43812773,0.15234582
265,0.15153559,0.27,0.53,0.2,0.39742565,0.3026966,0.29987776
266,0.082937956,0.27,0.53,0.2,0.39440697,0.43480217,0.1707909
267,0.12259088,0.27,0.53,0.2,0.45388636,0.403924,0.1421897
268,0.042325314,0.27,0.53,0.2,0.32249758,0.466512,0.2109904
269,0.18280827,0.27,0.53,0.2,0.5442124,0.28114787,0.17463973
270,0.24220943,0.27,0.53,0.2,0.59807396,0.16668585,0.2352402
271,0.08180725,0.27,0.53,0.2,0.34599268,0.40728912,0.24671821
272,0.103768736,0.27,0.53,0.2,0.42565313,0.44934905,0.12499783
273,0.09481418,0.27,0.53,0.2,0.4122213,0.40714148,0.18063724
274,0.07736399,0.27,0.53,0.2,0.38604602,0.43837696,0.17557706
275,0.090627015,0.27,0.53,0.2,0.4059405,0.4119391,0.18212031
276,0.06466489,0.27,0.53,0.2,0.36699733,0.45448324,0.17851938
277,0.06245624,0.27,0.53,0.2,0.3516316,0.4363156,0.21205275
278,0.093611635,0.27,0.53,0.2,0.4104175,0.44654092,0.14304163
279,0.07460529,0.27,0.53,0.2,0.38190794,0.43349546,0.18459655
280,0.08202287,0.27,0.53,0.2,0.39303428,0.41714785,0.1898178
281,0.10382215,0.27,0.53,0.2,0.42573324,0.37742805,0.19683868
282,0.07262608,0.27,0.53,0.2,0.37893918,0.43011057,0.19095033
283,0.07487803,0.27,0.53,0.2,0.38231704,0.43667895,0.18100397
284,0.31108478,0.27,0.53,0.2,0.38508868,0.063372776,0.55153847
285,0.17814274,0.27,0.53,0.2,0.5372141,0.2813079,0.18147795
286,0.10069692,0.27,0.53,0.2,0.36710265,0.37895456,0.25394273
287,0.054790035,0.27,0.53,0.2,0.35218507,0.47167215,0.17614278
288,0.05488572,0.27,0.53,0.2,0.3094984,0.44767138,0.24283019
289,0.11418595,0.27,0.53,0.2,0.44127896,0.3858883,0.17283277
290,0.07492526,0.27,0.53,0.2,0.3823879,0.4838562,0.13375589
291,0.16430895,0.27,0.53,0.2,0.51646346,0.33169955,0.15183702
292,0.14332904,0.27,0.53,0.2,0.48499358,0.41035166,0.104654774
293,0.058244493,0.27,0.53,0.2,0.35736674,0.45295507,0.18967816
294,0.2126478,0.27,0.53,0.2,0.5787862,0.2110283,0.21018545
295,0.16968668,0.27,0.53,0.2,0.4673335,0.27547,0.25719655
296,0.060349435,0.27,0.53,0.2,0.36052418,0.46201017,0.17746566
297,0.22698309,0.27,0.53,0.2,0.32248935,0.18952538,0.4879853
298,0.2558452,0.27,0.53,0.2,0.5082171,0.14623223,0.34555072
299,0.3218048,0.27,0.53,0.2,0.27385238,0.047292817,0.6788548
300,0.069828495,0.27,0.53,0.2,0.37474278,0.44393668,0.18132058
301,0.090354264,0.27,0.53,0.2,0.40553144,0.41741878,0.17704982
302,0.13293926,0.27,0.53,0.2,0.4457495,0.33059105,0.2236594
303,0.06334616,0.27,0.53,0.2,0.36501923,0.44187546,0.19310525
304,0.03782231,0.27,0.53,0.2,0.3267335,0.47639063,0.1968759
305,0.057045236,0.27,0.53,0.2,0.3469501,0.4444321,0.20861775
306,0.32020327,0.27,0.53,0.2,0.69930524,0.04969511,0.25099972
307,0.16946727,0.27,0.53,0.2,0.5242009,0.28762347,0.18817562
308,0.082155704,0.27,0.53,0.2,0.39323357,0.4380814,0.168685
309,0.105223216,0.27,0.53,0.2,0.42783484,0.4119273,0.16023785
310,0.19202721,0.27,0.53,0.2,0.5387203,0.24195914,0.2193205
311,0.1162587,0.27,0.53,0.2,0.4443881,0.39404938,0.16156259
312,0.07083543,0.27,0.53,0.2,0.37625316,0.44749263,0.17625421
313,0.112586476,0.27,0.53,0.2,0.43331203,0.36112025,0.20556769
314,0.07174964,0.27,0.53,0.2,0.37762454,0.47253045,0.14984512
315,0.28496727,0.27,0.53,0.2,0.3377022,0.10254908,0.5597487
316,0.1177958,0.27,0.53,0.2,0.43304402,0.35330626,0.2136497
317,0.21991824,0.27,0.53,0.2,0.5131105,0.20012262,0.28676686
318,0.07119408,0.27,0.53,0.2,0.37679112,0.4663201,0.15688874
319,0.102986984,0.27,0.53,0.2,0.42448047,0.43256417,0.14295532
320,0.060977083,0.27,0.53,0.2,0.36146563,0.4830366,0.15549774
321,0.055780385,0.27,0.53,0.2,0.34654936,0.4463294,0.20712125
322,0.084225036,0.27,0.53,0.2,0.39633757,0.43881455,0.16484788
323,0.05880755,0.27,0.53,0.2,0.35821137,0.47842318,0.1633655
324,0.057621893,0.27,0.53,0.2,0.35643283,0.46055865,0.18300846
325,0.078184254,0.27,0.53,0.2,0.3746536,0.41272363,0.21262282
326,0.07334218,0.27,0.53,0.2,0.36306578,0.41998672,0.21694753
327,0.17511706,0.27,0.53,0.2,0.53267556,0.27509612,0.19222829
328,0.081653595,0.27,0.53,0.2,0.39248043,0.4466626,0.160857
329,0.07215095,0.27,0.53,0.2,0.37822646,0.4389804,0.18279317
330,0.13361172,0.27,0.53,0.2,0.44819537,0.3295824,0.22222225
331,0.076904155,0.27,0.53,0.2,0.38535625,0.46026164,0.1543821
332,0.091044,0.27,0.53,0.2,0.406566,0.42278728,0.17064668
333,0.07029245,0.27,0.53,0.2,0.3754387,0.4519484,0.17261289
334,0.25435206,0.27,0.53,0.2,0.319199,0.14847189,0.5323291
335,0.08827727,0.27,0.53,0.2,0.4024159,0.42577276,0.1718113
336,0.08254108,0.27,0.53,0.2,0.39381164,0.4062854,0.19990297
337,0.09021302,0.27,0.53,0.2,0.40531954,0.4269495,0.16773093
338,0.13478833,0.27,0.53,0.2,0.38243467,0.32781747,0.28974783
339,0.17257042,0.27,0.53,0.2,0.5288557,0.33646584,0.13467856
340,0.23925553,0.27,0.53,0.2,0.50487936,0.17111668,0.32400396
341,0.09953714,0.27,0.53,0.2,0.41930574,0.4143898,0.16630448
342,0.06163058,0.27,0.53,0.2,0.36244586,0.48901418,0.1485399
343,0.09577658,0.27,0.53,0.2,0.41366488,0.4176381,0.16869701
344,0.06940713,0.27,0.53,0.2,0.3741107,0.42896548,0.19692379
345,0.056777462,0.27,0.53,0.2,0.35081908,0.4448338,0.20434713
346,0.10099885,0.27,0.53,0.2,0.42149827,0.4048941,0.17360757
347,0.08329477,0.27,0.53,0.2,0.32544416,0.40505782,0.26949802
348,0.3490088,0.27,0.53,0.2,0.40751028,0.0064867884,0.58600295
349,0.0690772,0.27,0.53,0.2,0.37361583,0.4420754,0.1843088
350,0.15008539,0.27,0.53,0.2,0.49512812,0.35731357,0.14755836
351,0.06769514,0.27,0.53,0.2,0.3715427,0.48149446,0.14696278
352,0.119547404,0.27,0.53,0.2,0.42833287,0.3506789,0.22098827
353,0.13215755,0.27,0.53,0.2,0.4294827,0.33176368,0.23875368
354,0.11795416,0.27,0.53,0.2,0.44693124,0.4135864,0.13948232
355,0.05310532,0.27,0.53,0.2,0.34965798,0.47234127,0.17800072
356,0.11098554,0.27,0.53,0.2,0.43647832,0.45021933,0.11330233
357,0.19170223,0.27,0.53,0.2,0.39591014,0.24244666,0.36164325
358,0.06463876,0.27,0.53,0.2,0.36695814,0.46997556,0.16306625
359,0.054060306,0.27,0.53,0.2,0.33440173,0.44890952,0.21668875
360,0.12652127,0.27,0.53,0.2,0.45978197,0.43035832,0.10985977
361,0.057896346,0.27,0.53,0.2,0.35684454,0.47278547,0.17037
362,0.14493032,0.27,0.53,0.2,0.48739552,0.37818608,0.13441844
363,0.16652142,0.27,0.53,0.2,0.5197821,0.28871894,0.1914989
364,0.33069015,0.27,0.53,0.2,0.52736545,0.03396478,0.4386698
365,0.07890886,0.27,0.53,0.2,0.38836333,0.47318843,0.13844828
366,0.16654915,0.27,0.53,0.2,0.51982373,0.30815774,0.17201851
367,0.11465004,0.27,0.53,0.2,0.44197506,0.39056924,0.16745566
368,0.076806776,0.27,0.53,0.2,0.38521022,0.4600112,0.15477864
369,0.13467872,0.27,0.53,0.2,0.43287757,0.32798192,0.23914056
370,0.18932004,0.27,0.53,0.2,0.5205126,0.24601996,0.2334675
371,0.19302386,0.27,0.53,0.2,0.5595358,0.29872468,0.14173952
372,0.11354428,0.27,0.53,0.2,0.4403164,0.36918548,0.19049807
373,0.14183368,0.27,0.53,0.2,0.47984335,0.31724945,0.2029072
374,0.059648458,0.27,0.53,0.2,0.3594727,0.4577152,0.18281206
375,0.28068286,0.27,0.53,0.2,0.44633844,0.108975664,0.44468585
376,0.28004134,0.27,0.53,0.2,0.44924104,0.109937966,0.440821
377,0.124469616,0.27,0.53,0.2,0.40533856,0.3432955,0.25136587
378,0.21057631,0.27,0.53,0.2,0.5858645,0.23366895,0.18046656
379,0.1675999,0.27,0.53,0.2,0.5057586,0.27860013,0.21564129
380,0.10973873,0.27,0.53,0.2,0.42788476,0.36539188,0.20672335
381,0.123113334,0.27,0.53,0.2,0.45467007,0.39312854,0.15220149
382,0.0928454,0.27,0.53,0.2,0.4092681,0.41042754,0.18030433
383,0.13587461,0.27,0.53,0.2,0.47381192,0.40345857,0.12272949
384,0.11996392,0.27,0.53,0.2,0.3588917,0.3500541,0.2910542
385,0.22463955,0.27,0.53,0.2,0.49922818,0.19304067,0.30773118
386,0.110743426,0.27,0.53,0.2,0.43611518,0.3661773,0.19770758
387,0.08065597,0.27,0.53,0.2,0.39098397,0.4656027,0.14341332
388,0.15650328,0.27,0.53,0.2,0.47853383,0.2952451,0.22622114
389,0.09894004,0.27,0.53,0.2,0.41841006,0.4300403,0.15154961
390,0.08537058,0.27,0.53,0.2,0.39805588,0.4398588,0.1620853
391,0.107809104,0.27,0.53,0.2,0.43171364,0.38100326,0.18728304
392,0.1489893,0.27,0.53,0.2,0.38909164,0.30651602,0.30439234
393,0.05763315,0.27,0.53,0.2,0.3564497,0.47230577,0.17124443
394,0.09315315,0.27,0.53,0.2,0.40972972,0.45070505,0.13956518
395,0.0990456,0.27,0.53,0.2,0.36251697,0.38143158,0.25605145
396,0.084713794,0.27,0.53,0.2,0.39707074,0.41992748,0.18300182
397,0.10782737,0.27,0.53,0.2,0.43174106,0.37334836,0.19491054
398,0.06259413,0.27,0.53,0.2,0.3638912,0.464678,0.1714308
399,0.17453294,0.27,0.53,0.2,0.49587315,0.26820058,0.23592626
400,0.07880879,0.27,0.53,0.2,0.38821322,0.42295215,0.18883467
401,0.1319934,0.27,0.53,0.2,0.41276845,0.3320099,0.2552217
402,0.18518162,0.27,0.53,0.2,0.54777247,0.31826064,0.13396691
403,0.10808903,0.27,0.53,0.2,0.4321336,0.43003944,0.13782704
404,0.05168104,0.27,0.53,0.2,0.33634862,0.45247844,0.21117298
405,0.081019305,0.27,0.53,0.2,0.39152896,0.47221902,0.136252
406,0.11481416,0.27,0.53,0.2,0.44222128,0.3858522,0.17192657
407,0.082634754,0.27,0.53,0.2,0.39395216,0.44382775,0.16222012
408,0.24265964,0.27,0.53,0.2,0.6339895,0.21845047,0.14756006
409,0.14003606,0.27,0.53,0.2,0.48005408,0.4064321,0.11351378
410,0.14728196,0.27,0.53,0.2,0.49092296,0.3534281,0.15564892
411,0.11742345,0.27,0.53,0.2,0.42401645,0.35386482,0.22211878
412,0.07624275,0.27,0.53,0.2,0.3809505,0.41563585,0.20341364
413,0.21749145,0.27,0.53,0.2,0.5962372,0.26283413,0.14092864
414,0.07195865,0.27,0.53,0.2,0.3717385,0.42206204,0.20619954
415,0.08047954,0.27,0.53,0.2,0.3907193,0.43244767,0.17683296
416,0.08480009,0.27,0.53,0.2,0.39720017,0.43917686,0.16362302
417,0.068711214,0.27,0.53,0.2,0.37306687,0.43886667,0.18806651
418,0.08449044,0.27,0.53,0.2,0.39673567,0.4199894,0.1832749
419,0.11638711,0.27,0.53,0.2,0.44458067,0.400662,0.15475732
420,0.12772398,0.27,0.53,0.2,0.461586,0.40155202,0.13686202
421,0.119048454,0.27,0.53,0.2,0.43002152,0.35142732,0.21855119
422,0.12322191,0.27,0.53,0.2,0.4548329,0.41874844,0.1264187
423,0.26751047,0.27,0.53,0.2,0.50111234,0.12873426,0.37015337
424,0.064659975,0.27,0.53,0.2,0.36699,0.45347646,0.17953359
425,0.09063985,0.27,0.53,0.2,0.40595978,0.4356142,0.15842602
426,0.15894157,0.27,0.53,0.2,0.40907013,0.29158762,0.29934224
427,0.06626614,0.27,0.53,0.2,0.34463945,0.4306008,0.22475982
428,0.2859666,0.27,0.53,0.2,0.50845474,0.10105004,0.3904952
429,0.06677722,0.27,0.53,0.2,0.37016582,0.45274198,0.17709215
430,0.054621432,0.27,0.53,0.2,0.3519322,0.46196577,0.18610209
431,0.13381395,0.27,0.53,0.2,0.47072095,0.3446415,0.18463756
432,0.17897351,0.27,0.53,0.2,0.5384603,0.33462992,0.12690978
433,0.11798576,0.27,0.53,0.2,0.4469787,0.35905603,0.19396532
434,0.16221434,0.27,0.53,0.2,0.5133215,0.34106198,0.14561647
435,0.24142165,0.27,0.53,0.2,0.58603215,0.16786753,0.24610037
436,0.07522369,0.27,0.53,0.2,0.38283557,0.4540738,0.16309066
437,0.17114587,0.27,0.53,0.2,0.52671885,0.34594426,0.1273369
438,0.095567845,0.27,0.53,0.2,0.32656872,0.3866482,0.28678307
439,0.1868469,0.27,0.53,0.2,0.5502704,0.2689835,0.18074612
440,0.15125851,0.27,0.53,0.2,0.4968878,0.32400617,0.17910604
441,0.06299917,0.27,0.53,0.2,0.3644988,0.48208433,0.15341692
442,0.18177275,0.27,0.53,0.2,0.5358425,0.2573408,0.20681666
443,0.21305871,0.27,0.53,0.2,0.5819316,0.21041194,0.20765652
444,0.1197623,0.27,0.53,0.2,0.44964346,0.35758236,0.19277416
445,0.14523847,0.27,0.53,0.2,0.48785776,0.382889,0.12925327
446,0.10411745,0.27,0.53,0.2,0.42617616,0.3799777,0.19384606
447,0.12715678,0.27,0.53,0.2,0.44615746,0.3392648,0.21457772
448,0.14815961,0.27,0.53,0.2,0.4922394,0.36080486,0.1469557
449,0.11679105,0.27,0.53,0.2,0.4451866,0.4158555,0.13895789
450,0.13750148,0.27,0.53,0.2,0.38841283,0.32374775,0.28783938
451,0.06779367,0.27,0.53,0.2,0.37086344,0.42830947,0.20082708
452,0.062221993,0.27,0.53,0.2,0.36333302,0.47549573,0.16117127
453,0.19293861,0.27,0.53,0.2,0.5594079,0.25203216,0.18855986
454,0.066270016,0.27,0.53,0.2,0.35732788,0.43059495,0.21207716
455,0.10730038,0.27,0.53,0.2,0.43095058,0.39779738,0.17125201
456,0.067365594,0.27,0.53,0.2,0.3710484,0.46006024,0.16889133
457,0.08649814,0.27,0.53,0.2,0.39974725,0.4320936,0.16815922
458,0.14051491,0.27,0.53,0.2,0.44048834,0.3192276,0.24028404
459,0.10163021,0.27,0.53,0.2,0.4224453,0.38879207,0.18876258
460,0.18250574,0.27,0.53,0.2,0.54375863,0.30261436,0.15362701
461,0.073495075,0.27,0.53,0.2,0.38024265,0.4513854,0.16837198
462,0.084941305,0.27,0.53,0.2,0.397412,0.4449446,0.15764345
463,0.12932928,0.27,0.53,0.2,0.38999093,0.33600608,0.27400306
464,0.11542352,0.27,0.53,0.2,0.39699224,0.35686472,0.24614307
465,0.037572335,0.27,0.53,0.2,0.31924346,0.4736415,0.2071151
466,0.13047542,0.27,0.53,0.2,0.46571317,0.33998743,0.19429944
467,0.083303295,0.27,0.53,0.2,0.394955,0.42515042,0.17989466
468,0.20381927,0.27,0.53,0.2,0.57572895,0.23261821,0.19165282
469,0.12442144,0.27,0.53,0.2,0.45663217,0.44105753,0.102310285
470,0.095157236,0.27,0.53,0.2,0.41273582,0.43771058,0.1495535
471,0.09872218,0.27,0.53,0.2,0.41808334,0.4238857,0.15803106
472,0.14580248,0.27,0.53,0.2,0.48870376,0.3580606,0.15323566
473,0.17856188,0.27,0.53,0.2,0.53784287,0.3280975,0.1340597
474,0.09925852,0.27,0.53,0.2,0.41888776,0.44734365,0.13376851
475,0.2631859,0.27,0.53,0.2,0.52113575,0.13522112,0.34364313
476,0.12489635,0.27,0.53,0.2,0.44925615,0.34265542,0.20808837
477,0.11686156,0.27,0.53,0.2,0.43896136,0.35470763,0.206331
478,0.12716542,0.27,0.53,0.2,0.46074817,0.4063756,0.13287626
479,0.10875559,0.27,0.53,0.2,0.4187833,0.3668666,0.21435009
480,0.14543484,0.27,0.53,0.2,0.4881523,0.31829965,0.19354808
481,0.06351479,0.27,0.53,0.2,0.3652722,0.475061,0.15966678
482,0.10076779,0.27,0.53,0.2,0.41392994,0.3788483,0.20722178
483,0.07622186,0.27,0.53,0.2,0.3843328,0.46738613,0.14828105
484,0.06171809,0.27,0.53,0.2,0.36257714,0.45250028,0.18492255
485,0.060858697,0.27,0.53,0.2,0.36128807,0.4479128,0.19079913
486,0.061387938,0.27,0.53,0.2,0.3486091,0.43791807,0.21347283
487,0.056969855,0.27,0.53,0.2,0.3496375,0.4445452,0.20581731
488,0.2546099,0.27,0.53,0.2,0.4386385,0.14808512,0.4132764
489,0.053392064,0.27,0.53,0.2,0.3500881,0.45786086,0.19205101
490,0.06488279,0.27,0.53,0.2,0.3673242,0.44342506,0.18925072
491,0.07980755,0.27,0.53,0.2,0.38971135,0.46683487,0.14345379
492,0.23263372,0.27,0.53,0.2,0.5092213,0.18104942,0.30972934
493,0.11084354,0.27,0.53,0.2,0.43626532,0.4136229,0.1501118
494,0.3052212,0.27,0.53,0.2,0.7278318,0.13861263,0.1335555
495,0.108541705,0.27,0.53,0.2,0.43281257,0.3770997,0.19008772
496,0.21720397,0.27,0.53,0.2,0.47543114,0.20419402,0.3203748
497,0.14484517,0.27,0.53,0.2,0.48726776,0.32797933,0.1847529
498,0.09079811,0.27,0.53,0.2,0.38978633,0.39380282,0.21641086
499,0.0686487,0.27,0.53,0.2,0.37297308,0.43366987,0.19335707
500,0.066995814,0.27,0.53,0.2,0.37049374,0.4656218,0.16388446
501,0.20045285,0.27,0.53,0.2,0.5338601,0.22932069,0.23681924
502,0.13134544,0.27,0.53,0.2,0.4670182,0.3915375,0.14144434
503,0.1510961,0.27,0.53,0.2,0.43963543,0.30335578,0.2570087
504,0.059982892,0.27,0.53,0.2,0.35997435,0.46540052,0.17462513
505,0.1260118,0.27,0.53,0.2,0.4590177,0.37238157,0.1686007
506,0.2967947,0.27,0.53,0.2,0.53093296,0.08480795,0.38425913
507,0.19443215,0.27,0.53,0.2,0.44915372,0.2383517,0.31249452
508,0.12340171,0.27,0.53,0.2,0.45510256,0.37189752,0.17299987
509,0.10300412,0.27,0.53,0.2,0.42450622,0.4295921,0.14590172
510,0.07936579,0.27,0.53,0.2,0.36366147,0.4109513,0.22538723
511,0.099616915,0.27,0.53,0.2,0.41942537,0.39960837,0.18096621
512,0.11311245,0.27,0.53,0.2,0.43966872,0.40527686,0.15505448
513,0.101056814,0.27,0.53,0.2,0.3979346,0.37841478,0.22365068
514,0.13864301,0.27,0.53,0.2,0.45956534,0.3220355,0.21839921
515,0.21674134,0.27,0.53,0.2,0.54949427,0.20488793,0.24561778
516,0.15450725,0.27,0.53,0.2,0.48644054,0.2982391,0.21532036
517,0.1655867,0.27,0.53,0.2,0.43100464,0.28161997,0.28737542
518,0.08036259,0.27,0.53,0.2,0.3905439,0.4542486,0.1552075
519,0.11967242,0.27,0.53,0.2,0.44950864,0.39041594,0.16007543
520,0.08322226,0.27,0.53,0.2,0.3948334,0.43282592,0.17234063
521,0.12897128,0.27,0.53,0.2,0.46345696,0.33677658,0.19976652
522,0.057151582,0.27,0.53,0.2,0.35572737,0.4761795,0.16809309
523,0.05055431,0.27,0.53,0.2,0.34583148,0.46325245,0.19091606
524,0.13484643,0.27,0.53,0.2,0.47226962,0.37911817,0.14861211
525,0.07066549,0.27,0.53,0.2,0.37599823,0.47868583,0.14531589
526,0.118362404,0.27,0.53,0.2,0.44754365,0.3670673,0.1853891
527,0.113319896,0.27,0.53,0.2,0.43997988,0.39955106,0.16046908
528,0.058471754,0.27,0.53,0.2,0.35770765,0.45162576,0.19066659
529,0.09626293,0.27,0.53,0.2,0.40896937,0.38560557,0.20542504
530,0.24727483,0.27,0.53,0.2,0.47413313,0.15908773,0.36677915
531,0.07282905,0.27,0.53,0.2,0.3792436,0.4674312,0.15332523
532,0.08032905,0.27,0.53,0.2,0.39049357,0.4502067,0.15929969
533,0.16032918,0.27,0.53,0.2,0.4242105,0.28950617,0.28628328
534,0.067614265,0.27,0.53,0.2,0.31076285,0.4285786,0.26065856
535,0.065848626,0.27,0.53,0.2,0.36877295,0.43815565,0.1930714
536,0.07826682,0.27,0.53,0.2,0.38740024,0.43380034,0.17879939
537,0.13058537,0.27,0.53,0.2,0.46587807,0.35288244,0.18123947
538,0.06428413,0.27,0.53,0.2,0.3664262,0.4587936,0.17478016
539,0.1818441,0.27,0.53,0.2,0.53997546,0.25723383,0.20279068
540,0.066368505,0.27,0.53,0.2,0.36955276,0.46054718,0.16990003
541,0.124331705,0.27,0.53,0.2,0.45649758,0.4071832,0.13631923
542,0.10875846,0.27,0.53,0.2,0.43313769,0.42794868,0.13891359
543,0.10733869,0.27,0.53,0.2,0.43100804,0.40806374,0.1609282
544,0.059300095,0.27,0.53,0.2,0.35895017,0.46590343,0.17514642
545,0.12036107,0.27,0.53,0.2,0.44310886,0.3494584,0.20743278
546,0.0537564,0.27,0.53,0.2,0.3450609,0.44936538,0.20557371
547,0.08168446,0.27,0.53,0.2,0.39252675,0.44541645,0.16205686
548,0.24793696,0.27,0.53,0.2,0.5513218,0.15809454,0.29058367
549,0.09527201,0.27,0.53,0.2,0.41290808,0.39853734,0.18855466
550,0.30358618,0.27,0.53,0.2,0.3901238,0.07462067,0.53525543
551,0.07365319,0.27,0.53,0.2,0.37781635,0.41952017,0.20266344
552,0.12788312,0.27,0.53,0.2,0.46182472,0.35748324,0.1806921
553,0.075758405,0.27,0.53,0.2,0.38363767,0.45338643,0.162976
554,0.1973033,0.27,0.53,0.2,0.565955,0.2808967,0.15314835
555,0.08112842,0.27,0.53,0.2,0.39169267,0.46421063,0.14409675
556,0.17085747,0.27,0.53,0.2,0.52628624,0.31778416,0.15592964
557,0.049442302,0.27,0.53,0.2,0.3441635,0.46530646,0.1905301
558,0.071029685,0.27,0.53,0.2,0.37654456,0.42765245,0.19580302
559,0.03942084,0.27,0.53,0.2,0.3291313,0.48140207,0.18946669
560,0.29742143,0.27,0.53,0.2,0.64771986,0.08386783,0.2684123
561,0.07581015,0.27,0.53,0.2,0.38219845,0.41628474,0.20151678
562,0.14415881,0.27,0.53,0.2,0.4643048,0.31376177,0.22193344
563,0.19435586,0.27,0.53,0.2,0.49495795,0.23846617,0.2665758
564,0.056764808,0.27,0.53,0.2,0.32071522,0.44485277,0.23443201
565,0.0795312,0.27,0.53,0.2,0.3892968,0.42871937,0.1819838
566,0.15812248,0.27,0.53,0.2,0.47745374,0.29281625,0.22972998
567,0.061629575,0.27,0.53,0.2,0.36244437,0.44363603,0.19391958
568,0.09715384,0.27,0.53,0.2,0.4157308,0.4425177,0.14175154
569,0.120650254,0.27,0.53,0.2,0.45097542,0.3753097,0.17371494
570,0.056038424,0.27,0.53,0.2,0.3540577,0.4749683,0.17097408
571,0.0621251,0.27,0.53,0.2,0.36284503,0.4368123,0.20034263
572,0.10120705,0.27,0.53,0.2,0.42181057,0.42378932,0.15440007
573,0.06184427,0.27,0.53,0.2,0.3627664,0.47856507,0.1586685
574,0.13917214,0.27,0.53,0.2,0.44758666,0.32124177,0.23117155
575,0.05823566,0.27,0.53,0.2,0.35735348,0.44358784,0.19905862
576,0.1402341,0.27,0.53,0.2,0.40158442,0.31964883,0.27876672
577,0.0748083,0.27,0.53,0.2,0.3822125,0.44523147,0.17255609
578,0.07877986,0.27,0.53,0.2,0.36997768,0.4118302,0.21819213
579,0.19136365,0.27,0.53,0.2,0.5358715,0.2429545,0.22117394
580,0.1402619,0.27,0.53,0.2,0.37443045,0.3196071,0.30596244
581,0.11560696,0.27,0.53,0.2,0.4434105,0.39084527,0.16574429
582,0.12770768,0.27,0.53,0.2,0.46156156,0.38148034,0.15695815
583,0.072699435,0.27,0.53,0.2,0.3790492,0.43337208,0.1875788
584,0.08134405,0.27,0.53,0.2,0.38107413,0.40798393,0.210942
585,0.07946164,0.27,0.53,0.2,0.372679,0.41080755,0.21651353
586,0.057820227,0.27,0.53,0.2,0.35673037,0.45462605,0.1886436
587,0.04763524,0.27,0.53,0.2,0.3414529,0.5062631,0.15228407
588,0.09681976,0.27,0.53,0.2,0.3927943,0.38477033,0.22243536
589,0.14123026,0.27,0.53,0.2,0.48184544,0.32401356,0.19414108
590,0.06699811,0.27,0.53,0.2,0.3704972,0.4680033,0.16149953
591,0.07153758,0.27,0.53,0.2,0.3773064,0.43910545,0.18358818
592,0.09583219,0.27,0.53,0.2,0.41374826,0.4579301,0.12832159
593,0.13262855,0.27,0.53,0.2,0.40067735,0.3310572,0.2682655
594,0.07052324,0.27,0.53,0.2,0.3757849,0.47215718,0.15205796
595,0.124748446,0.27,0.53,0.2,0.45712268,0.35353768,0.18933962
596,0.07792967,0.27,0.53,0.2,0.38689452,0.43866915,0.17443633
597,0.12493602,0.27,0.53,0.2,0.45740408,0.400543,0.14205296
598,0.14150994,0.27,0.53,0.2,0.44983396,0.31773514,0.232431
599,0.09521221,0.27,0.53,0.2,0.4128183,0.43855518,0.14862646
600,0.10181624,0.27,0.53,0.2,0.4227244,0.40698105,0.17029461
601,0.20318677,0.27,0.53,0.2,0.49239483,0.22521982,0.28238535
602,0.17071311,0.27,0.53,0.2,0.52606964,0.32254216,0.15138814
603,0.1084094,0.27,0.53,0.2,0.4326141,0.39121547,0.1761704
604,0.1398322,0.27,0.53,0.2,0.4197021,0.3202517,0.2600462
605,0.074053764,0.27,0.53,0.2,0.38108066,0.42621854,0.19270079
606,0.069078654,0.27,0.53,0.2,0.37361798,0.47685,0.14953198
607,0.049013793,0.27,0.53,0.2,0.3435207,0.47193357,0.18454571
608,0.046577867,0.27,0.53,0.2,0.3302342,0.4601332,0.20963264
609,0.13520013,0.27,0.53,0.2,0.44446963,0.3271998,0.22833057
610,0.31393215,0.27,0.53,0.2,0.4323273,0.059101716,0.5085709
611,0.11899435,0.27,0.53,0.2,0.44849154,0.41309613,0.13841234
612,0.06521859,0.27,0.53,0.2,0.30824584,0.4321721,0.25958207
613,0.04781765,0.27,0.53,0.2,0.3407796,0.45827347,0.20094687
614,0.057331726,0.27,0.53,0.2,0.35599762,0.4505286,0.19347382
615,0.17244333,0.27,0.53,0.2,0.50519556,0.27133498,0.22346944
616,0.07404923,0.27,0.53,0.2,0.3810739,0.42223373,0.19669244
617,0.020026674,0.27,0.53,0.2,0.29859564,0.49995995,0.20144437
618,0.10983992,0.27,0.53,0.2,0.40930596,0.36524007,0.22545393
619,0.1631928,0.27,0.53,0.2,0.5147892,0.3287887,0.1564221
620,0.34181657,0.27,0.53,0.2,0.31831253,0.017275102,0.6644124
621,0.06085218,0.27,0.53,0.2,0.3612783,0.49101356,0.14770816
622,0.12209269,0.27,0.53,0.2,0.418047,0.34686098,0.23509206
623,0.054283302,0.27,0.53,0.2,0.351425,0.4821397,0.16643535
624,0.068792984,0.27,0.53,0.2,0.37318948,0.43073702,0.19607347
625,0.08928347,0.27,0.53,0.2,0.40392518,0.40462148,0.19145328
626,0.14639813,0.27,0.53,0.2,0.48091283,0.31040278,0.20868436
627,0.18794389,0.27,0.53,0.2,0.508256,0.24808408,0.24365982
628,0.11132152,0.27,0.53,0.2,0.4257326,0.36301774,0.21124972
629,0.11215503,0.27,0.53,0.2,0.43823254,0.4031055,0.15866192
630,0.11148453,0.27,0.53,0.2,0.34411633,0.3627732,0.2931105
631,0.06875443,0.27,0.53,0.2,0.3731317,0.4612984,0.16556996
632,0.1025843,0.27,0.53,0.2,0.4238765,0.42068797,0.15543558
633,0.14932702,0.27,0.53,0.2,0.3917427,0.30600947,0.30224788
634,0.01792433,0.27,0.53,0.2,0.24772805,0.52538544,0.2268865
635,0.18290067,0.27,0.53,0.2,0.41882172,0.255649,0.32552934
636,0.06223865,0.27,0.53,0.2,0.363358,0.4560254,0.18061662
637,0.118163764,0.27,0.53,0.2,0.4472457,0.44167247,0.11108187
638,0.049996,0.27,0.53,0.2,0.344994,0.4747257,0.18028028
639,0.074221164,0.27,0.53,0.2,0.38133177,0.44654962,0.17211862
640,0.14813928,0.27,0.53,0.2,0.49220896,0.3736402,0.13415088
641,0.097717546,0.27,0.53,0.2,0.38736537,0.38342366,0.22921096
642,0.06646765,0.27,0.53,0.2,0.3697015,0.44018406,0.19011447
643,0.06502664,0.27,0.53,0.2,0.35405707,0.43245998,0.21348287
644,0.08397067,0.27,0.53,0.2,0.39266407,0.40404397,0.20329197
645,0.17040034,0.27,0.53,0.2,0.46019548,0.2743995,0.26540506
646,0.052670587,0.27,0.53,0.2,0.34900588,0.45411476,0.19687931
647,0.15448023,0.27,0.53,0.2,0.50172037,0.30520257,0.19307703
648,0.105852306,0.27,0.53,0.2,0.4287785,0.4186315,0.15259007
649,0.1515071,0.27,0.53,0.2,0.49726063,0.327318,0.1754213
650,0.039760936,0.27,0.53,0.2,0.32964146,0.48411584,0.18624277
651,0.10739639,0.27,0.53,0.2,0.4310946,0.4346882,0.13421719
652,0.20657457,0.27,0.53,0.2,0.55456346,0.22013813,0.22529843
653,0.23016988,0.27,0.53,0.2,0.46336967,0.18474518,0.35188523
654,0.06336864,0.27,0.53,0.2,0.365053,0.46257818,0.17236885
655,0.044120967,0.27,0.53,0.2,0.32410514,0.46381852,0.21207632
656,0.17906463,0.27,0.53,0.2,0.49819598,0.26140305,0.24040103
657,0.075463794,0.27,0.53,0.2,0.38319573,0.44301313,0.17379119
658,0.09906313,0.27,0.53,0.2,0.41859472,0.4300834,0.1513219
659,0.060111243,0.27,0.53,0.2,0.36016688,0.47765568,0.16217743
660,0.060117934,0.27,0.53,0.2,0.36017692,0.453964,0.18585908
661,0.14215279,0.27,0.53,0.2,0.3396649,0.31677082,0.3435643
662,0.054259297,0.27,0.53,0.2,0.351389,0.4618296,0.18678147
663,0.11909752,0.27,0.53,0.2,0.44864628,0.42768502,0.12366866
664,0.12416162,0.27,0.53,0.2,0.45624247,0.36843464,0.17532292
665,0.063253626,0.27,0.53,0.2,0.36488044,0.4550115,0.18010804
666,0.073694274,0.27,0.53,0.2,0.3805414,0.46341348,0.15604508
667,0.09638717,0.27,0.53,0.2,0.41458076,0.44999316,0.13542604
668,0.082212396,0.27,0.53,0.2,0.3904279,0.4066814,0.20289074
669,0.067213155,0.27,0.53,0.2,0.37081975,0.44427872,0.18490152
670,0.11504731,0.27,0.53,0.2,0.44257098,0.36722657,0.19020244
671,0.06838183,0.27,0.53,0.2,0.37257275,0.44571957,0.18170765
672,0.058267564,0.27,0.53,0.2,0.3574014,0.44473234,0.19786634
673,0.09788352,0.27,0.53,0.2,0.410705,0.38317466,0.20612027
674,0.20773745,0.27,0.53,0.2,0.5816062,0.26943243,0.14896138
675,0.054710995,0.27,0.53,0.2,0.35206655,0.46123418,0.18669935
676,0.12679605,0.27,0.53,0.2,0.42175776,0.33980596,0.2384364
677,0.08783058,0.27,0.53,0.2,0.4017459,0.4040815,0.19417262
678,0.12891056,0.27,0.53,0.2,0.46336588,0.3656599,0.17097428
679,0.09237611,0.27,0.53,0.2,0.40856418,0.45137915,0.14005665
680,0.043324675,0.27,0.53,0.2,0.33498704,0.48730484,0.17770815
681,0.08501685,0.27,0.53,0.2,0.39752525,0.44027716,0.16219752
682,0.09208695,0.27,0.53,0.2,0.40813044,0.40739954,0.18447
683,0.12765056,0.27,0.53,0.2,0.34280622,0.33852413,0.31866962
684,0.10373068,0.27,0.53,0.2,0.42559606,0.4398735,0.13453051
685,0.21571054,0.27,0.53,0.2,0.5144983,0.20643419,0.27906755
686,0.094361365,0.27,0.53,0.2,0.41154203,0.43596086,0.15249705
687,0.16668355,0.27,0.53,0.2,0.5200254,0.33264303,0.14733161
688,0.2769639,0.27,0.53,0.2,0.4344795,0.11455414,0.4509664
689,0.10700461,0.27,0.53,0.2,0.40764394,0.36949304,0.22286297
690,0.051294103,0.27,0.53,0.2,0.3429928,0.45305884,0.20394838
691,0.121599756,0.27,0.53,0.2,0.3960777,0.34760034,0.25632197
692,0.16665204,0.27,0.53,0.2,0.5076998,0.28002194,0.2122783
693,0.10230587,0.27,0.53,0.2,0.42345884,0.4139393,0.16260192
694,0.10453481,0.27,0.53,0.2,0.42680222,0.39678136,0.17641638
695,0.08406135,0.27,0.53,0.2,0.39609203,0.44272882,0.16117916
696,0.39410076,0.27,0.53,0.2,0.20376046,0.0050883982,0.79115117
697,0.08242281,0.27,0.53,0.2,0.33239946,0.40636575,0.26123476
698,0.06989295,0.27,0.53,0.2,0.37483948,0.44921643,0.17594416
699,0.07162409,0.27,0.53,0.2,0.37743613,0.43254632,0.19001749
700,0.21326111,0.27,0.53,0.2,0.46565762,0.21010832,0.3242341
701,0.062469784,0.27,0.53,0.2,0.3637047,0.483407,0.15288833
702,0.11224563,0.27,0.53,0.2,0.43605405,0.3616315,0.20231439
703,0.16899173,0.27,0.53,0.2,0.38450226,0.27651238,0.33898535
704,0.21061836,0.27,0.53,0.2,0.42091933,0.21407245,0.36500826
705,0.1738918,0.27,0.53,0.2,0.5163538,0.26916227,0.21448392
706,0.056330163,0.27,0.53,0.2,0.33729976,0.44550472,0.2171955
707,0.09020143,0.27,0.53,0.2,0.40530214,0.40089118,0.19380663
708,0.10623013,0.27,0.53,0.2,0.4293452,0.3982514,0.17240335
709,0.0787129,0.27,0.53,0.2,0.38806936,0.44967484,0.16225578
710,0.07725977,0.27,0.53,0.2,0.38588968,0.43569693,0.1784134
711,0.08446103,0.27,0.53,0.2,0.3966916,0.45290604,0.15040241
712,0.24107285,0.27,0.53,0.2,0.6316093,0.19542058,0.17297015
713,0.12576044,0.27,0.53,0.2,0.4586407,0.4107617,0.13059765
714,0.16318065,0.27,0.53,0.2,0.514771,0.3212771,0.1639519
715,0.061429482,0.27,0.53,0.2,0.36214426,0.453898,0.18395777
716,0.12110156,0.27,0.53,0.2,0.43601292,0.34834763,0.21563944
717,0.11644893,0.27,0.53,0.2,0.4446734,0.41118345,0.14414312
718,0.107420444,0.27,0.53,0.2,0.43113068,0.42699155,0.14187776
719,0.07948435,0.27,0.53,0.2,0.38922653,0.45266283,0.1581106
720,0.08006465,0.27,0.53,0.2,0.39009696,0.47337425,0.13652875
721,0.1267622,0.27,0.53,0.2,0.46014333,0.38175803,0.15809865
722,0.060296174,0.27,0.53,0.2,0.36044428,0.4428672,0.19668853
723,0.19773965,0.27,0.53,0.2,0.5666095,0.2772877,0.15610287
724,0.046896145,0.27,0.53,0.2,0.34034425,0.4757113,0.1839445
725,0.07196688,0.27,0.53,0.2,0.37795034,0.4559604,0.16608927
726,0.13330941,0.27,0.53,0.2,0.46996415,0.37113056,0.15890533
727,0.14224495,0.27,0.53,0.2,0.48336744,0.33212012,0.18451242
728,0.0736798,0.27,0.53,0.2,0.38051972,0.43042558,0.1890547
729,0.07975913,0.27,0.53,0.2,0.3896387,0.42769098,0.18267028
730,0.24538898,0.27,0.53,0.2,0.4434469,0.1619165,0.3946366
731,0.31411156,0.27,0.53,0.2,0.40930414,0.058832627,0.5318632
732,0.07233581,0.27,0.53,0.2,0.37850374,0.46619478,0.1553015
733,0.19023973,0.27,0.53,0.2,0.4621423,0.24464038,0.2932173
734,0.19663428,0.27,0.53,0.2,0.53732127,0.2350486,0.22763014
735,0.24307115,0.27,0.53,0.2,0.5985534,0.16539326,0.23605335
736,0.18171208,0.27,0.53,0.2,0.5425681,0.292619,0.1648129
737,0.08904699,0.27,0.53,0.2,0.40357053,0.4530664,0.14336312
738,0.06804045,0.27,0.53,0.2,0.3720607,0.43933246,0.18860684
739,0.07005479,0.27,0.53,0.2,0.37508222,0.45843947,0.16647834
740,0.17355496,0.27,0.53,0.2,0.51084507,0.26966757,0.21948743
741,0.096109726,0.27,0.53,0.2,0.41416457,0.40722772,0.17860764
742,0.1717679,0.27,0.53,0.2,0.5276519,0.3586397,0.11370845
743,0.12467726,0.27,0.53,0.2,0.34719083,0.3429841,0.30982512
744,0.08825666,0.27,0.53,0.2,0.39232564,0.397615,0.21005937
745,0.10797598,0.27,0.53,0.2,0.431964,0.38689443,0.18114159
746,0.055797767,0.27,0.53,0.2,0.35369664,0.478759,0.16754432
747,0.07641598,0.27,0.53,0.2,0.384624,0.44330242,0.17207362
748,0.32917908,0.27,0.53,0.2,0.32873452,0.036231358,0.63503414
749,0.12310531,0.27,0.53,0.2,0.38517216,0.345342,0.26948583
750,0.0594549,0.27,0.53,0.2,0.35918242,0.45618188,0.1846358
751,0.16062279,0.27,0.53,0.2,0.51093423,0.29206106,0.19700475
752,0.1013994,0.27,0.53,0.2,0.40925294,0.37790087,0.21284619
753,0.050237626,0.27,0.53,0.2,0.34535643,0.48090523,0.17373829
754,0.066916,0.27,0.53,0.2,0.33896512,0.429626,0.23140891
755,0.13184416,0.27,0.53,0.2,0.44315124,0.33223373,0.22461501
756,0.13863088,0.27,0.53,0.2,0.4698182,0.32205367,0.20812814
757,0.12734543,0.27,0.53,0.2,0.46101815,0.3438086,0.19517326
758,0.11720481,0.27,0.53,0.2,0.42648172,0.35419276,0.21932548
759,0.09215951,0.27,0.53,0.2,0.38544717,0.39176074,0.22279212
760,0.11397493,0.27,0.53,0.2,0.41446167,0.3590376,0.22650076
761,0.08862545,0.27,0.53,0.2,0.40293822,0.45658287,0.14047895
762,0.08731961,0.27,0.53,0.2,0.39634737,0.39902055,0.20463207
763,0.1322185,0.27,0.53,0.2,0.46832776,0.35671172,0.1749605
764,0.10909554,0.27,0.53,0.2,0.4336433,0.42093468,0.14542197
765,0.08506384,0.27,0.53,0.2,0.39759582,0.45156547,0.15083879
766,0.07829622,0.27,0.53,0.2,0.3728391,0.41255566,0.21460529
767,0.11692605,0.27,0.53,0.2,0.4453891,0.401604,0.1530069
768,0.15075348,0.27,0.53,0.2,0.4747813,0.30386975,0.22134891
769,0.068201244,0.27,0.53,0.2,0.3723019,0.47195932,0.15573882
770,0.24224593,0.27,0.53,0.2,0.4138534,0.16663104,0.41951552
771,0.07858472,0.27,0.53,0.2,0.3878771,0.43321273,0.17891017
772,0.14142244,0.27,0.53,0.2,0.46550986,0.3178663,0.21662378
773,0.100337386,0.27,0.53,0.2,0.42050612,0.449488,0.1300059
774,0.040920865,0.27,0.53,0.2,0.31979465,0.4686187,0.21158667
775,0.10732621,0.27,0.53,0.2,0.43098933,0.37170565,0.19730501
776,0.18802762,0.27,0.53,0.2,0.5116645,0.24795848,0.24037692
777,0.090446144,0.27,0.53,0.2,0.40566924,0.41279474,0.18153603
778,0.15243562,0.27,0.53,0.2,0.49865347,0.31896725,0.1823793
779,0.12350947,0.27,0.53,0.2,0.4552642,0.34955624,0.19517954
780,0.1078223,0.27,0.53,0.2,0.43173352,0.40788102,0.16038556
781,0.0676991,0.27,0.53,0.2,0.37154868,0.45613593,0.17231542
782,0.059549917,0.27,0.53,0.2,0.35932487,0.47549334,0.16518174
783,0.09152696,0.27,0.53,0.2,0.38826096,0.39270955,0.21902953
784,0.09379545,0.27,0.53,0.2,0.39411232,0.3893068,0.21658088
785,0.17577624,0.27,0.53,0.2,0.5336644,0.3232159,0.14311972
786,0.18127735,0.27,0.53,0.2,0.44127938,0.25808397,0.30063668
787,0.07652559,0.27,0.53,0.2,0.38478842,0.4691991,0.14601251
788,0.08694794,0.27,0.53,0.2,0.40042192,0.45374465,0.1458334
789,0.11578131,0.27,0.53,0.2,0.44367197,0.40145397,0.15487406
790,0.05369003,0.27,0.53,0.2,0.3505351,0.47868073,0.17078424
791,0.07300229,0.27,0.53,0.2,0.37950346,0.4563467,0.16414985
792,0.05613527,0.27,0.53,0.2,0.35420293,0.47488764,0.17090943
793,0.051050853,0.27,0.53,0.2,0.3465763,0.45930797,0.19411574
794,0.05411239,0.27,0.53,0.2,0.35116863,0.45745623,0.1913752
795,0.09134052,0.27,0.53,0.2,0.4070108,0.43798548,0.1550037
796,0.11714747,0.27,0.53,0.2,0.4457212,0.3930892,0.16118957
797,0.08838791,0.27,0.53,0.2,0.38479257,0.39741808,0.21778929
798,0.13459802,0.27,0.53,0.2,0.4560418,0.328103,0.21585527
799,0.15911035,0.27,0.53,0.2,0.50866556,0.3499118,0.14142267
800,0.06967253,0.27,0.53,0.2,0.37450886,0.42591998,0.19957124
801,0.11658847,0.27,0.53,0.2,0.44488272,0.36812747,0.1869898
802,0.057292316,0.27,0.53,0.2,0.3443,0.44406146,0.21163845
803,0.11392083,0.27,0.53,0.2,0.4408813,0.40377137,0.15534742
804,0.0982137,0.27,0.53,0.2,0.41732058,0.44028586,0.14239357
805,0.061795607,0.27,0.53,0.2,0.36269346,0.46614027,0.17116633
806,0.12438524,0.27,0.53,0.2,0.4565779,0.3707502,0.17267194
807,0.05723135,0.27,0.53,0.2,0.35584703,0.47263396,0.17151898
808,0.09798356,0.27,0.53,0.2,0.41697538,0.41676316,0.16626151
809,0.24615209,0.27,0.53,0.2,0.51089543,0.16077183,0.32833275
810,0.09931201,0.27,0.53,0.2,0.41896802,0.39058208,0.19044988
811,0.04035427,0.27,0.53,0.2,0.33053145,0.47990528,0.18956332
812,0.15753143,0.27,0.53,0.2,0.4903925,0.29370284,0.21590465
813,0.093035586,0.27,0.53,0.2,0.4095534,0.44931862,0.14112799
814,0.06639577,0.27,0.53,0.2,0.33963642,0.43040636,0.22995728
815,0.060697693,0.27,0.53,0.2,0.32850012,0.43895343,0.23254643
816,0.08815887,0.27,0.53,0.2,0.3971247,0.3977617,0.20511363
817,0.05607532,0.27,0.53,0.2,0.354113,0.47839177,0.16749525
818,0.17333265,0.27,0.53,0.2,0.51333874,0.27000102,0.21666026
819,0.10133115,0.27,0.53,0.2,0.4196599,0.37800324,0.20233682
820,0.2805891,0.27,0.53,0.2,0.29958877,0.109116346,0.5912949
821,0.1380112,0.27,0.53,0.2,0.44468975,0.32298318,0.23232709
822,0.052921962,0.27,0.53,0.2,0.34938294,0.48873302,0.161884
823,0.08058309,0.27,0.53,0.2,0.39087465,0.45569506,0.15343028
824,0.12131975,0.27,0.53,0.2,0.40529484,0.34802032,0.24668479
825,0.118596815,0.27,0.53,0.2,0.44789523,0.37364426,0.17846051
826,0.07805667,0.27,0.53,0.2,0.37156487,0.41291496,0.21552016
827,0.13465434,0.27,0.53,0.2,0.4564972,0.32801846,0.21548435
828,0.09795482,0.27,0.53,0.2,0.4140282,0.38306776,0.20290406
829,0.0821643,0.27,0.53,0.2,0.39324647,0.43538582,0.1713677
830,0.20864563,0.27,0.53,0.2,0.5829685,0.28739753,0.12963401
831,0.0779041,0.27,0.53,0.2,0.38685614,0.45720544,0.15593836
832,0.06882111,0.27,0.53,0.2,0.37323165,0.45607814,0.17069013
833,0.06856419,0.27,0.53,0.2,0.37284628,0.45121744,0.17593622
834,0.09235265,0.27,0.53,0.2,0.40852904,0.43239838,0.15907267
835,0.1512707,0.27,0.53,0.2,0.3784065,0.30309394,0.31849962
836,0.14948827,0.27,0.53,0.2,0.4541971,0.3057676,0.24003536
837,0.06921626,0.27,0.53,0.2,0.3738244,0.44459808,0.1815775
838,0.25472885,0.27,0.53,0.2,0.33832857,0.14790672,0.51376474
839,0.1563013,0.27,0.53,0.2,0.49752855,0.29554802,0.2069234
840,0.24610811,0.27,0.53,0.2,0.53218746,0.1608378,0.30697474
841,0.14770126,0.27,0.53,0.2,0.49155188,0.33544502,0.17300305
842,0.062351745,0.27,0.53,0.2,0.3635276,0.4500925,0.18637984
843,0.0740295,0.27,0.53,0.2,0.38104427,0.4576229,0.16133285
844,0.06771199,0.27,0.53,0.2,0.371568,0.438055,0.190377
845,0.05670832,0.27,0.53,0.2,0.35506248,0.46339244,0.18154505
846,0.10700321,0.27,0.53,0.2,0.43050483,0.42610842,0.14338675
847,0.15869975,0.27,0.53,0.2,0.50804967,0.320178,0.17177238
848,0.119170696,0.27,0.53,0.2,0.44875607,0.38723233,0.16401161
849,0.13539045,0.27,0.53,0.2,0.4730857,0.35097894,0.17593537
850,0.16135643,0.27,0.53,0.2,0.47031906,0.2879653,0.2417156
851,0.0887211,0.27,0.53,0.2,0.40308166,0.4068817,0.19003664
852,0.32880154,0.27,0.53,0.2,0.71441346,0.036797658,0.24878886
853,0.06823923,0.27,0.53,0.2,0.37235886,0.45692438,0.17071676
854,0.12932374,0.27,0.53,0.2,0.4639856,0.38762477,0.1483896
855,0.083721675,0.27,0.53,0.2,0.39558253,0.45189378,0.15252367
856,0.11841267,0.27,0.53,0.2,0.44761902,0.40271464,0.14966632
857,0.07728315,0.27,0.53,0.2,0.38592476,0.44103447,0.1730408
858,0.20157087,0.27,0.53,0.2,0.3083888,0.22764365,0.46396753
859,0.14247447,0.27,0.53,0.2,0.48371172,0.3545158,0.16177247
860,0.037087057,0.27,0.53,0.2,0.31598115,0.4743694,0.20964947
861,0.08354809,0.27,0.53,0.2,0.39532217,0.40704018,0.19763768
862,0.12742133,0.27,0.53,0.2,0.46113205,0.36370718,0.1751608
863,0.06412163,0.27,0.53,0.2,0.36618248,0.43825614,0.19556141
864,0.13825643,0.27,0.53,0.2,0.43672234,0.32261536,0.24066235
865,0.32432732,0.27,0.53,0.2,0.31732535,0.043508984,0.63916564
866,0.06789724,0.27,0.53,0.2,0.3498698,0.42815414,0.22197612
867,0.07042088,0.27,0.53,0.2,0.37563133,0.46200392,0.16236472
868,0.06496725,0.27,0.53,0.2,0.3674509,0.4439128,0.1886363
869,0.058697984,0.27,0.53,0.2,0.35804698,0.46413746,0.17781553
870,0.20271331,0.27,0.53,0.2,0.33467245,0.22593004,0.43939754
871,0.10596949,0.27,0.53,0.2,0.42895424,0.44565412,0.12539163
872,0.1072343,0.27,0.53,0.2,0.3548626,0.36914852,0.27598888
873,0.07473513,0.27,0.53,0.2,0.38210273,0.45146558,0.16643174
874,0.09277976,0.27,0.53,0.2,0.40916967,0.4273794,0.16345094
875,0.090088345,0.27,0.53,0.2,0.40513256,0.41596884,0.17889865
876,0.18239452,0.27,0.53,0.2,0.43326136,0.2564082,0.31033045
877,0.19980006,0.27,0.53,0.2,0.39075994,0.2302999,0.37894017
878,0.08142976,0.27,0.53,0.2,0.39214465,0.43821657,0.16963877
879,0.13778022,0.27,0.53,0.2,0.47667035,0.38085377,0.14247589
880,0.3036287,0.27,0.53,0.2,0.36158895,0.07455687,0.56385416
881,0.16008088,0.27,0.53,0.2,0.51012135,0.35656348,0.13331519
882,0.11346107,0.27,0.53,0.2,0.4401916,0.39181933,0.16798903
883,0.073931634,0.27,0.53,0.2,0.3808975,0.4331832,0.18591936
884,0.18134002,0.27,0.53,0.2,0.46988505,0.2579899,0.27212498
885,0.11986699,0.27,0.53,0.2,0.44925514,0.35019946,0.20054533
886,0.23135887,0.27,0.53,0.2,0.4707012,0.18296164,0.3463371
887,0.099547975,0.27,0.53,0.2,0.419322,0.38202927,0.1986488
888,0.038935374,0.27,0.53,0.2,0.32840312,0.47738233,0.19421463
889,0.09777689,0.27,0.53,0.2,0.41666535,0.41971025,0.1636244
890,0.26794317,0.27,0.53,0.2,0.4032932,0.12808527,0.4686216
891,0.15028076,0.27,0.53,0.2,0.49542117,0.34931818,0.1552607
892,0.09697729,0.27,0.53,0.2,0.40524262,0.38453403,0.21022332
893,0.17794138,0.27,0.53,0.2,0.5369121,0.31621614,0.14687175
894,0.15973307,0.27,0.53,0.2,0.45330134,0.29040033,0.25629824
895,0.06542375,0.27,0.53,0.2,0.36813563,0.45553827,0.17632608
896,0.12408342,0.27,0.53,0.2,0.45612517,0.4109839,0.13289097
897,0.11285845,0.27,0.53,0.2,0.43928772,0.44620854,0.11450379
898,0.063182876,0.27,0.53,0.2,0.36477435,0.46812773,0.16709796
899,0.07899959,0.27,0.53,0.2,0.38849938,0.4589551,0.15254547
900,0.14065658,0.27,0.53,0.2,0.4796346,0.31901515,0.20135029
901,0.18311368,0.27,0.53,0.2,0.5446705,0.3449055,0.110423975
902,0.20062162,0.27,0.53,0.2,0.57093245,0.30365634,0.12541115
903,0.07599384,0.27,0.53,0.2,0.38399076,0.43738765,0.17862156
904,0.026198765,0.27,0.53,0.2,0.30929816,0.50518286,0.18551897
905,0.09183708,0.27,0.53,0.2,0.4025266,0.39224437,0.20522906
906,0.0543582,0.27,0.53,0.2,0.35153732,0.46727028,0.1811924
907,0.12018297,0.27,0.53,0.2,0.45027447,0.43500286,0.11472265
908,0.15922643,0.27,0.53,0.2,0.41471952,0.29116037,0.2941202
909,0.07592649,0.27,0.53,0.2,0.38388973,0.46162277,0.15448745
910,0.0492662,0.27,0.53,0.2,0.34389937,0.46368948,0.19241126
911,0.1387135,0.27,0.53,0.2,0.47807026,0.3368326,0.18509711
912,0.08909958,0.27,0.53,0.2,0.4036494,0.44472715,0.15162347
913,0.26133195,0.27,0.53,0.2,0.6167209,0.13800208,0.24527705
914,0.06291124,0.27,0.53,0.2,0.36436692,0.4378336,0.19779955
915,0.041358482,0.27,0.53,0.2,0.31822786,0.46796227,0.21380989
916,0.0472866,0.27,0.53,0.2,0.34092993,0.48505124,0.17401884
917,0.13407071,0.27,0.53,0.2,0.34911746,0.32889393,0.32198864
918,0.053045154,0.27,0.53,0.2,0.3495677,0.47880077,0.17163144
919,0.1610075,0.27,0.53,0.2,0.48479423,0.28848875,0.22671704
920,0.080760956,0.27,0.53,0.2,0.39114144,0.44531983,0.16353871
921,0.0989031,0.27,0.53,0.2,0.4183547,0.451759,0.12988636
922,0.14044979,0.27,0.53,0.2,0.463279,0.3193253,0.21739571
923,0.21290427,0.27,0.53,0.2,0.43344337,0.2106436,0.35591307
924,0.1631415,0.27,0.53,0.2,0.5147123,0.33834448,0.14694321
925,0.090826236,0.27,0.53,0.2,0.40623936,0.43238482,0.16137579
926,0.06985932,0.27,0.53,0.2,0.374789,0.4459381,0.17927289
927,0.11035869,0.27,0.53,0.2,0.43553802,0.4219454,0.14251651
928,0.115193665,0.27,0.53,0.2,0.4427905,0.42936856,0.12784092
929,0.21322227,0.27,0.53,0.2,0.3404604,0.21016659,0.44937304
930,0.05582076,0.27,0.53,0.2,0.35373113,0.44802716,0.19824165
931,0.12950198,0.27,0.53,0.2,0.464253,0.3451406,0.19060643
932,0.13049053,0.27,0.53,0.2,0.46573582,0.37154105,0.16272317
933,0.08719996,0.27,0.53,0.2,0.40079996,0.46819213,0.13100788
934,0.10122261,0.27,0.53,0.2,0.42183393,0.4006057,0.17756036
935,0.12925139,0.27,0.53,0.2,0.4638771,0.36346462,0.17265828
936,0.07361755,0.27,0.53,0.2,0.38042632,0.45201397,0.16755967
937,0.06518938,0.27,0.53,0.2,0.36778408,0.43860453,0.19361138
938,0.16476457,0.27,0.53,0.2,0.5171468,0.30447865,0.17837447
939,0.101388335,0.27,0.53,0.2,0.42208248,0.42402303,0.15389441
940,0.06067663,0.27,0.53,0.2,0.36101493,0.46691525,0.17206976
941,0.07679912,0.27,0.53,0.2,0.38519868,0.42494357,0.18985772
942,0.060505047,0.27,0.53,0.2,0.3607576,0.47562414,0.16361827
943,0.0814663,0.27,0.53,0.2,0.39219946,0.44108808,0.16671243
944,0.415179,0.27,0.53,0.2,0.17644218,0.00078928727,0.8227685
945,0.10045143,0.27,0.53,0.2,0.4206772,0.38706732,0.19225556
946,0.100659184,0.27,0.53,0.2,0.42098877,0.38095075,0.19806044
947,0.08980119,0.27,0.53,0.2,0.37934086,0.39529818,0.22536096
948,0.0621874,0.27,0.53,0.2,0.3632811,0.46150127,0.1752176
949,0.26003394,0.27,0.53,0.2,0.6600509,0.19643854,0.14351046
950,0.082889676,0.27,0.53,0.2,0.39433458,0.4484843,0.15718122
951,0.15819858,0.27,0.53,0.2,0.4519113,0.29270208,0.25538656
952,0.107824646,0.27,0.53,0.2,0.43173698,0.42401648,0.14424652
953,0.082840644,0.27,0.53,0.2,0.39426097,0.4488405,0.15689851
954,0.10599018,0.27,0.53,0.2,0.4085502,0.3710147,0.2204351
955,0.077554315,0.27,0.53,0.2,0.3863315,0.41784596,0.19582255
956,0.27185622,0.27,0.53,0.2,0.5260212,0.12221562,0.35176316
957,0.054813188,0.27,0.53,0.2,0.35221982,0.45685098,0.19092925
958,0.08071902,0.27,0.53,0.2,0.39107853,0.44334197,0.16557947
959,0.10005871,0.27,0.53,0.2,0.42008808,0.4338418,0.1460701
960,0.30218548,0.27,0.53,0.2,0.44776225,0.07672172,0.475516
961,0.3238301,0.27,0.53,0.2,0.52904767,0.044254825,0.42669752
962,0.12849762,0.27,0.53,0.2,0.46274647,0.3761372,0.16111636
963,0.11168613,0.27,0.53,0.2,0.43752924,0.38158062,0.1808902
964,0.2986695,0.27,0.53,0.2,0.5722566,0.081995785,0.3457476
965,0.07215047,0.27,0.53,0.2,0.37822574,0.46645105,0.15532325
966,0.11180606,0.27,0.53,0.2,0.4377091,0.41690373,0.14538716
967,0.11731591,0.27,0.53,0.2,0.44597387,0.36502188,0.18900421
968,0.056755718,0.27,0.53,0.2,0.3551336,0.46367583,0.18119058
969,0.19933529,0.27,0.53,0.2,0.456088,0.23099703,0.31291497
970,0.07503543,0.27,0.53,0.2,0.38255316,0.46162516,0.15582168
971,0.046770677,0.27,0.53,0.2,0.34015605,0.47429463,0.18554935
972,0.14568207,0.27,0.53,0.2,0.4885231,0.356323,0.15515386
973,0.05645908,0.27,0.53,0.2,0.3546886,0.45964235,0.18566899
974,0.095092446,0.27,0.53,0.2,0.4126387,0.40737557,0.17998575
975,0.08627493,0.27,0.53,0.2,0.39941242,0.42080423,0.17978336
976,0.043765828,0.27,0.53,0.2,0.33564878,0.49447826,0.169873
977,0.33365622,0.27,0.53,0.2,0.4212304,0.029515678,0.54925394
978,0.05438598,0.27,0.53,0.2,0.34649462,0.448421,0.20508437
979,0.2150842,0.27,0.53,0.2,0.5076921,0.20737366,0.28493422
980,0.10117472,0.27,0.53,0.2,0.4217621,0.43442222,0.14381568
981,0.08780974,0.27,0.53,0.2,0.4017146,0.44409263,0.1541927
982,0.09683653,0.27,0.53,0.2,0.41525483,0.44588527,0.13885993
983,0.11882166,0.27,0.53,0.2,0.44823247,0.3905322,0.16123524
984,0.17747545,0.27,0.53,0.2,0.5362132,0.26694894,0.19683784
985,0.14841042,0.27,0.53,0.2,0.3443983,0.30738437,0.34821737
986,0.14902256,0.27,0.53,0.2,0.4829831,0.30646613,0.21055073
987,0.11672282,0.27,0.53,0.2,0.44508424,0.40189353,0.1530222
988,0.13489336,0.27,0.53,0.2,0.44684798,0.32765996,0.2254921
989,0.12932652,0.27,0.53,0.2,0.4639898,0.38682076,0.14918941
990,0.13325661,0.27,0.53,0.2,0.46988496,0.3796764,0.1504387
991,0.13795283,0.27,0.53,0.2,0.45169652,0.3230707,0.22523274
992,0.07535132,0.27,0.53,0.2,0.383027,0.44561166,0.17136134
993,0.049519826,0.27,0.53,0.2,0.34427977,0.4688644,0.18685584
994,0.05189308,0.27,0.53,0.2,0.34783962,0.46099186,0.19116849
995,0.27879858,0.27,0.53,0.2,0.6375076,0.11180211,0.25069028
996,0.047342718,0.27,0.53,0.2,0.32953432,0.4589859,0.21147977
997,0.26870415,0.27,0.53,0.2,0.38660568,0.12694372,0.48645058
998,0.078053355,0.27,0.53,0.2,0.38708004,0.45398614,0.1589338
999,0.28626332,0.27,0.53,0.2,0.43871623,0.100604974,0.4606788
